Course ID,Title,Description,Domain,Difficulty Level,Rating,Number of Reviews,Duration (Hours),Instructor,Platform,Skills
CRS-001,Interactive Data Visualization with Tableau,"Transform raw data into beautiful, interactive dashboards and stories using Tableau and storytelling techniques. Topics include: Tableau, SQL.",Data Science & Analytics,Beginner,4.92,835,4.3,Jose Portilla,Udemy,"Tableau, SQL"
CRS-002,Shell Scripting Certified Solutions Architect,"Prepare and pass the official certification. Master core services, security, architecture, and cost optimization on Shell Scripting. Topics include: Shell Scripting, Ansible.",Cloud Computing & DevOps,Advanced,4.89,748,32.5,Richard Chan,Coursera,"Shell Scripting, Ansible"
CRS-003,Build Real-World Projects with Git,"An entirely project-based course where you will build 10+ professional applications using Git and modern tools. Topics include: Git, MongoDB.",Web Development,Beginner,4.19,459,7.9,Maximilian Schwarzmüller,Coursera,"Git, MongoDB"
CRS-004,iOS & Android Development with iOS Development,"Build beautiful, native cross-platform mobile apps for iOS and Android using a single codebase of iOS Development. Topics include: iOS Development, Flutter, Xcode, Mobile UI Design.",Mobile App Development,Intermediate,4.69,6713,24.4,Philipp Lackner,Udemy,"iOS Development, Flutter, Xcode, Mobile UI Design"
CRS-005,SQL & R Programming for Data Analysts,"Master database querying and data wrangling with SQL and R Programming. Solve real-world business analytics problems. Topics include: R Programming, SQL.",Data Science & Analytics,Beginner,3.81,373,8.1,Kirill Eremenko,Coursera,"R Programming, SQL"
CRS-006,DevOps Essentials: Kubernetes & CI/CD Pipelines,"Automate your infrastructure, deployment, and testing lifecycle using Kubernetes and modern pipelines. Topics include: Kubernetes, Azure, Google Cloud, Docker.",Cloud Computing & DevOps,Advanced,4.4,1274,34.6,Nigel Poulton,Pluralsight,"Kubernetes, Azure, Google Cloud, Docker"
CRS-007,HTML for Beginners: Start Coding Today,"Learn the fundamentals of HTML. Perfect for absolute beginners with no prior coding experience. Topics include: HTML, Express.",Web Development,Beginner,4.17,1086,11.2,Maximilian Schwarzmüller,Udemy,"HTML, Express"
CRS-008,Agile & Scrum Master certification: Business Strategy,"Master agile ceremonies, sprint planning, backlog grooming, and team leadership using Scrum and Business Strategy. Topics include: Business Strategy, Scrum, Negotiation, Agile Methodology.",Business & Product Management,Intermediate,4.32,466,15.5,Mary Pratt,Udacity,"Business Strategy, Scrum, Negotiation, Agile Methodology"
CRS-009,Practical Scikit-learn with PyTorch and Scikit-Learn,"Build, train, and deploy powerful Scikit-learn models for classification, regression, and clustering tasks. Topics include: Scikit-learn, Deep Learning, Machine Learning, LLMs.",AI & Machine Learning,Beginner,4.62,5283,11.5,Lazy Programmer,Pluralsight,"Scikit-learn, Deep Learning, Machine Learning, LLMs"
CRS-010,SQL & Data Visualization for Data Analysts,"Master database querying and data wrangling with SQL and Data Visualization. Solve real-world business analytics problems. Topics include: Data Visualization, Tableau, Power BI, Pandas.",Data Science & Analytics,Advanced,4.4,3398,54.3,Daniel Bourke,Coursera,"Data Visualization, Tableau, Power BI, Pandas"
CRS-011,The Ultimate Email Marketing Guide to Page #1,"Rank higher on search engines. Master on-page, off-page, technical optimizations, and keyword research using Email Marketing. Topics include: Email Marketing, Social Media Marketing.",Digital Marketing,Beginner,4.89,990,14.2,Isaac Rudansky,Coursera,"Email Marketing, Social Media Marketing"
CRS-012,Incident Response & Network Security Operations,"Detect, isolate, and mitigate active cybersecurity incidents. Learn digital forensics and blue team tactics for Network Security. Topics include: Network Security, Ethical Hacking.",Cybersecurity,Intermediate,4.85,1246,33.7,Nathan House,Udemy,"Network Security, Ethical Hacking"
CRS-013,Practical Generative AI with PyTorch and Scikit-Learn,"Build, train, and deploy powerful Generative AI models for classification, regression, and clustering tasks. Topics include: Generative AI, LLMs, Computer Vision.",AI & Machine Learning,Beginner,4.79,510,6.7,Sam Witteveen,Coursera,"Generative AI, LLMs, Computer Vision"
CRS-014,Interactive Data Visualization with Python,"Transform raw data into beautiful, interactive dashboards and stories using Python and storytelling techniques. Topics include: Python, Excel, Data Visualization.",Data Science & Analytics,Beginner,3.72,943,13.5,Alex The Analyst,Coursera,"Python, Excel, Data Visualization"
CRS-015,SQL Boot Camp: Go from Zero to Hero,"A comprehensive guide to analyzing data. Learn data frames, wrangling, and basic predictive analytics with SQL. Topics include: SQL, Tableau, Statistics, R Programming.",Data Science & Analytics,Beginner,4.74,13956,5.0,Jose Portilla,Udacity,"SQL, Tableau, Statistics, R Programming"
CRS-016,Become a Product Manager: Leadership and Analytics,"Learn the product lifecycle, market research, user personas, agile delivery, and metrics definition for Leadership. Topics include: Leadership, Negotiation, Project Management.",Business & Product Management,Beginner,4.62,1332,6.1,Cole Mercer,Udemy,"Leadership, Negotiation, Project Management"
CRS-017,Interface Design & Typography with Visual Design,"Elevate your visual design skills. Master grid layouts, color theory, and typographic hierarchy using Visual Design. Topics include: Visual Design, Wireframing.",UI/UX & Product Design,Beginner,3.83,3478,11.2,Zack Onisko,Coursera,"Visual Design, Wireframing"
CRS-018,The Ultimate Google Analytics Guide to Page #1,"Rank higher on search engines. Master on-page, off-page, technical optimizations, and keyword research using Google Analytics. Topics include: Google Analytics, Social Media Marketing.",Digital Marketing,Intermediate,4.46,535,10.1,Robin & Jesper,Pluralsight,"Google Analytics, Social Media Marketing"
CRS-019,Strategic Leadership and Business Strategy for Executives,"Develop decision-making models, corporate strategy, and negotiation skills to lead high-performing teams in Business Strategy contexts. Topics include: Business Strategy, Finance, Project Management.",Business & Product Management,Beginner,3.99,938,4.6,Todd Birzer,Coursera,"Business Strategy, Finance, Project Management"
CRS-020,User Experience Design Essentials: Design Systems,"Learn UX research, user journeys, wireframing, prototyping, and usability testing in Design Systems. Topics include: Design Systems, Wireframing, Figma, User Research.",UI/UX & Product Design,Advanced,4.62,2319,31.1,Muzli Academy,Udemy,"Design Systems, Wireframing, Figma, User Research"
CRS-021,Full-Stack Web Dev with React and CSS,"Become a full-stack engineer. Build robust backends and dynamic frontends using React and CSS. Topics include: CSS, MongoDB, Next.js, TypeScript.",Web Development,Intermediate,4.16,1193,13.3,Brad Traversy,edX,"CSS, MongoDB, Next.js, TypeScript"
CRS-022,Network Defense & Wireshark Analysis,"Learn network traffic analysis, intrusion detection, firewalls, and security operations using Wireshark. Topics include: Wireshark, Penetration Testing, Network Security.",Cybersecurity,Intermediate,3.72,297,32.0,Neal Bridges,Udacity,"Wireshark, Penetration Testing, Network Security"
CRS-023,Advanced System Administration & Kubernetes,"Master Linux command line, shell scripting, automation, and system security with a focus on Kubernetes services. Topics include: Kubernetes, Google Cloud, Linux.",Cloud Computing & DevOps,Advanced,4.86,1445,24.7,Mumshad Mannambeth,Udacity,"Kubernetes, Google Cloud, Linux"
CRS-024,Practical Deep Learning with PyTorch and Scikit-Learn,"Build, train, and deploy powerful Deep Learning models for classification, regression, and clustering tasks. Topics include: Deep Learning, Reinforcement Learning, Generative AI.",AI & Machine Learning,Intermediate,4.66,236,22.6,Andrej Karpathy,edX,"Deep Learning, Reinforcement Learning, Generative AI"
CRS-025,Advanced Penetration Testing & Penetration Testing,"Go deep into red teaming tactics. Conduct advanced assessments, write custom exploits, and bypass security controls using Penetration Testing. Topics include: Penetration Testing, Metasploit.",Cybersecurity,Advanced,4.33,975,39.9,Nathan House,Udemy,"Penetration Testing, Metasploit"
CRS-026,Agile & Scrum Master certification: Product Management,"Master agile ceremonies, sprint planning, backlog grooming, and team leadership using Scrum and Product Management. Topics include: Product Management, Agile Methodology, Negotiation, Startup Strategy.",Business & Product Management,Intermediate,4.27,289,19.1,Mary Pratt,Udemy,"Product Management, Agile Methodology, Negotiation, Startup Strategy"
CRS-027,The Complete React Bootcamp,"Master React from scratch. Learn building modern, responsive, and interactive applications using industry best practices. Topics include: React, Next.js, REST APIs.",Web Development,Beginner,4.69,348,13.7,Maximilian Schwarzmüller,Udacity,"React, Next.js, REST APIs"
CRS-028,Git for Beginners: Start Coding Today,"Learn the fundamentals of Git. Perfect for absolute beginners with no prior coding experience. Topics include: Git, Express.",Web Development,Intermediate,4.14,1718,18.7,Angela Yu,edX,"Git, Express"
CRS-029,Infrastructure as Code using Terraform and AWS,"Provision and manage cloud resources programmatically across multi-cloud setups with Terraform and AWS. Topics include: AWS, Docker.",Cloud Computing & DevOps,Intermediate,3.99,187,27.0,Mumshad Mannambeth,edX,"AWS, Docker"
CRS-030,The Ultimate SEO Guide to Page #1,"Rank higher on search engines. Master on-page, off-page, technical optimizations, and keyword research using SEO. Topics include: SEO, Google Analytics, Content Marketing.",Digital Marketing,Intermediate,3.73,404,20.9,Daragh Walsh,edX,"SEO, Google Analytics, Content Marketing"
CRS-031,Google Analytics 4 & Growth Hacking Data Analysis,"Track user behavior, measure conversions, set up custom dashboards, and make data-driven marketing decisions with Growth Hacking. Topics include: Growth Hacking, Social Media Marketing.",Digital Marketing,Advanced,3.86,4989,53.2,Alex Cattoni,Pluralsight,"Growth Hacking, Social Media Marketing"
CRS-032,Advanced System Administration & Terraform,"Master Linux command line, shell scripting, automation, and system security with a focus on Terraform services. Topics include: Terraform, Azure, CI/CD.",Cloud Computing & DevOps,Intermediate,4.97,695,20.1,Mumshad Mannambeth,Udemy,"Terraform, Azure, CI/CD"
CRS-033,Network Defense & Cryptography Analysis,"Learn network traffic analysis, intrusion detection, firewalls, and security operations using Cryptography. Topics include: Cryptography, Ethical Hacking, Security Fundamentals, Wireshark.",Cybersecurity,Advanced,4.69,308,47.3,Heath Adams,Udacity,"Cryptography, Ethical Hacking, Security Fundamentals, Wireshark"
CRS-034,Xcode UI/UX: Design and Animation Masterclass,"Create stunning user interfaces, custom transitions, and fluid animations in your Xcode applications. Topics include: Xcode, Mobile UI Design, Kotlin.",Mobile App Development,Intermediate,4.73,725,12.3,Philipp Lackner,Coursera,"Xcode, Mobile UI Design, Kotlin"
CRS-035,Kubernetes Certified Solutions Architect,"Prepare and pass the official certification. Master core services, security, architecture, and cost optimization on Kubernetes. Topics include: Kubernetes, Docker, Ansible, Google Cloud.",Cloud Computing & DevOps,Advanced,4.58,1835,45.9,Stephane Maarek,Coursera,"Kubernetes, Docker, Ansible, Google Cloud"
CRS-036,Become a Product Manager: Leadership and Analytics,"Learn the product lifecycle, market research, user personas, agile delivery, and metrics definition for Leadership. Topics include: Leadership, Project Management, Agile Methodology.",Business & Product Management,Beginner,3.95,4702,10.1,Cole Mercer,Pluralsight,"Leadership, Project Management, Agile Methodology"
CRS-037,NumPy Boot Camp: Go from Zero to Hero,"A comprehensive guide to analyzing data. Learn data frames, wrangling, and basic predictive analytics with NumPy. Topics include: NumPy, Statistics, Data Visualization.",Data Science & Analytics,Advanced,4.58,1654,40.1,Alex The Analyst,edX,"NumPy, Statistics, Data Visualization"
CRS-038,Advanced Scikit-learn: Deep Dive & Research,"Explore cutting-edge techniques in Scikit-learn, including architecture design, hyperparameter tuning, and model optimization. Topics include: Scikit-learn, Reinforcement Learning, TensorFlow, PyTorch.",AI & Machine Learning,Beginner,4.77,431,7.0,Sam Witteveen,Pluralsight,"Scikit-learn, Reinforcement Learning, TensorFlow, PyTorch"
CRS-039,Build a Social Media App with React Native and Firebase,"Integrate databases, authentication, storage, and push notifications into your React Native app using Firebase backend services. Topics include: React Native, Swift, Firebase, Mobile UI Design.",Mobile App Development,Beginner,3.82,346,6.3,Maximilian Schwarzmüller,Coursera,"React Native, Swift, Firebase, Mobile UI Design"
CRS-040,Become a Product Manager: Product Management and Analytics,"Learn the product lifecycle, market research, user personas, agile delivery, and metrics definition for Product Management. Topics include: Product Management, Leadership, Project Management.",Business & Product Management,Advanced,4.66,3316,53.1,Seth Godin,edX,"Product Management, Leadership, Project Management"
CRS-041,Infrastructure as Code using Terraform and Docker,"Provision and manage cloud resources programmatically across multi-cloud setups with Terraform and Docker. Topics include: Docker, Kubernetes, Terraform.",Cloud Computing & DevOps,Intermediate,4.3,6156,33.0,Stephane Maarek,Pluralsight,"Docker, Kubernetes, Terraform"
CRS-042,Digital Marketing Masterclass: Growth Hacking & Branding,"Grow your business online. Master SEO, social media, paid ads, and analytics using Growth Hacking tools. Topics include: Growth Hacking, SEO.",Digital Marketing,Intermediate,4.45,319,18.2,Robin & Jesper,Coursera,"Growth Hacking, SEO"
CRS-043,Become a Product Manager: Leadership and Analytics,"Learn the product lifecycle, market research, user personas, agile delivery, and metrics definition for Leadership. Topics include: Leadership, Finance, Negotiation.",Business & Product Management,Advanced,4.86,2732,21.8,Todd Birzer,Udemy,"Leadership, Finance, Negotiation"
CRS-044,Full-Stack Web Dev with React and React,"Become a full-stack engineer. Build robust backends and dynamic frontends using React and React. Topics include: React, HTML.",Web Development,Intermediate,4.04,603,14.2,Angela Yu,Coursera,"React, HTML"
CRS-045,Tableau Boot Camp: Go from Zero to Hero,"A comprehensive guide to analyzing data. Learn data frames, wrangling, and basic predictive analytics with Tableau. Topics include: Tableau, Pandas.",Data Science & Analytics,Advanced,4.8,3175,28.9,Kirill Eremenko,edX,"Tableau, Pandas"
CRS-046,Kubernetes Certified Solutions Architect,"Prepare and pass the official certification. Master core services, security, architecture, and cost optimization on Kubernetes. Topics include: Kubernetes, Ansible.",Cloud Computing & DevOps,Advanced,4.26,950,35.4,Richard Chan,Udemy,"Kubernetes, Ansible"
CRS-047,Startup Foundations: Agile Methodology & Lean Canvas,"How to validate ideas, raise capital, design business models, and execute go-to-market strategies using Agile Methodology. Topics include: Agile Methodology, Leadership, Scrum.",Business & Product Management,Advanced,4.12,2472,54.9,Evan Kimbrell,Pluralsight,"Agile Methodology, Leadership, Scrum"
CRS-048,Mastering Figma: Design Systems & Auto-Layout,"Create robust, scalable design systems, components, variants, and interactive prototypes using User Research like a pro. Topics include: User Research, Interaction Design, Visual Design.",UI/UX & Product Design,Intermediate,4.47,552,18.4,Daniel Walter Scott,edX,"User Research, Interaction Design, Visual Design"
CRS-049,Interface Design & Typography with Wireframing,"Elevate your visual design skills. Master grid layouts, color theory, and typographic hierarchy using Wireframing. Topics include: Wireframing, Usability Testing, Adobe XD.",UI/UX & Product Design,Beginner,4.36,1178,9.7,Sarah Gibbons,edX,"Wireframing, Usability Testing, Adobe XD"
CRS-050,Infrastructure as Code using Terraform and Docker,"Provision and manage cloud resources programmatically across multi-cloud setups with Terraform and Docker. Topics include: Docker, Terraform.",Cloud Computing & DevOps,Beginner,4.84,1466,5.0,Richard Chan,Coursera,"Docker, Terraform"
CRS-051,Infrastructure as Code using Terraform and Docker,"Provision and manage cloud resources programmatically across multi-cloud setups with Terraform and Docker. Topics include: Docker, Kubernetes, CI/CD.",Cloud Computing & DevOps,Advanced,4.23,1417,40.4,Richard Chan,Udacity,"Docker, Kubernetes, CI/CD"
CRS-052,Ethical Hacking & CompTIA Security+ Prep Course,"Master core cybersecurity concepts, threats, mitigation strategies, and get fully prepared for your certification in Ethical Hacking. Topics include: Ethical Hacking, Penetration Testing, Wireshark.",Cybersecurity,Beginner,4.86,1289,12.1,Jason Dion,Udemy,"Ethical Hacking, Penetration Testing, Wireshark"
CRS-053,Advanced Penetration Testing & Incident Response,"Go deep into red teaming tactics. Conduct advanced assessments, write custom exploits, and bypass security controls using Incident Response. Topics include: Incident Response, Linux, Network Security, Penetration Testing.",Cybersecurity,Beginner,3.99,1086,14.7,Heath Adams,edX,"Incident Response, Linux, Network Security, Penetration Testing"
CRS-054,Digital Marketing Masterclass: Content Marketing & Branding,"Grow your business online. Master SEO, social media, paid ads, and analytics using Content Marketing tools. Topics include: Content Marketing, Facebook Ads, SEO.",Digital Marketing,Advanced,4.54,638,22.4,Daragh Walsh,edX,"Content Marketing, Facebook Ads, SEO"
CRS-055,Computer Vision & NLP using TensorFlow,"Process images, video, and natural language text using advanced TensorFlow frameworks and pre-trained models. Topics include: TensorFlow, Deep Learning, PyTorch, LLMs.",AI & Machine Learning,Intermediate,4.84,203,32.7,Daniel Bourke,Udacity,"TensorFlow, Deep Learning, PyTorch, LLMs"
CRS-056,The Complete Ethical Hacking Course: Metasploit,"Learn how to think like a hacker. Perform vulnerability scans, exploit targets, and secure systems using Metasploit. Topics include: Metasploit, Linux, Security Fundamentals, Incident Response.",Cybersecurity,Beginner,4.09,392,5.9,Neal Bridges,Udemy,"Metasploit, Linux, Security Fundamentals, Incident Response"
CRS-057,Business Intelligence using Python,"Drive data-driven decisions. Learn advanced reporting, cohort analysis, and predictive modeling using Python. Topics include: Python, Exploratory Data Analysis.",Data Science & Analytics,Intermediate,4.11,362,11.8,Alex The Analyst,Pluralsight,"Python, Exploratory Data Analysis"
CRS-058,Infrastructure as Code using Terraform and Jenkins,"Provision and manage cloud resources programmatically across multi-cloud setups with Terraform and Jenkins. Topics include: Jenkins, Ansible, Docker.",Cloud Computing & DevOps,Advanced,4.09,137,61.5,Stephane Maarek,Udacity,"Jenkins, Ansible, Docker"
CRS-059,User Research and Usability Testing in Practice,"Plan, conduct, and analyze user research and usability sessions. Turn feedback into mockups with Usability Testing. Topics include: Usability Testing, User Research.",UI/UX & Product Design,Intermediate,4.75,541,10.6,Sarah Gibbons,Udacity,"Usability Testing, User Research"
CRS-060,Advanced System Administration & Ansible,"Master Linux command line, shell scripting, automation, and system security with a focus on Ansible services. Topics include: Ansible, Jenkins, AWS, Kubernetes.",Cloud Computing & DevOps,Advanced,4.56,564,39.6,Stephane Maarek,Coursera,"Ansible, Jenkins, AWS, Kubernetes"
CRS-061,User Research and Usability Testing in Practice,"Plan, conduct, and analyze user research and usability sessions. Turn feedback into mockups with Usability Testing. Topics include: Usability Testing, Interaction Design.",UI/UX & Product Design,Intermediate,4.73,203,17.2,Sarah Gibbons,edX,"Usability Testing, Interaction Design"
CRS-062,Project Management Professional (PMP) Prep with Product Management,"Comprehensive training on predictive, agile, and hybrid project frameworks. Includes mock exams covering Product Management. Topics include: Product Management, Business Strategy, Negotiation, Scrum.",Business & Product Management,Beginner,4.66,2733,6.1,Seth Godin,Udemy,"Product Management, Business Strategy, Negotiation, Scrum"
CRS-063,Advanced State Management in Xcode Apps,"Build robust, testable, and production-ready mobile architectures using Xcode state management and testing frameworks. Topics include: Xcode, Mobile UI Design, Flutter, React Native.",Mobile App Development,Advanced,4.23,1058,47.4,Paul Hudson,Coursera,"Xcode, Mobile UI Design, Flutter, React Native"
CRS-064,Advanced System Administration & Google Cloud,"Master Linux command line, shell scripting, automation, and system security with a focus on Google Cloud services. Topics include: Google Cloud, Kubernetes, Shell Scripting, AWS.",Cloud Computing & DevOps,Beginner,4.2,3224,11.1,Nigel Poulton,Udemy,"Google Cloud, Kubernetes, Shell Scripting, AWS"
CRS-065,Generative AI & TensorFlow Application Development,"Learn to build applications powered by Large Language Models and custom TensorFlow agents. Topics include: TensorFlow, Generative AI, Reinforcement Learning.",AI & Machine Learning,Advanced,4.04,269,42.9,Daniel Bourke,Pluralsight,"TensorFlow, Generative AI, Reinforcement Learning"
CRS-066,Advanced TensorFlow: Deep Dive & Research,"Explore cutting-edge techniques in TensorFlow, including architecture design, hyperparameter tuning, and model optimization. Topics include: TensorFlow, Computer Vision.",AI & Machine Learning,Advanced,3.78,243,42.0,Sam Witteveen,edX,"TensorFlow, Computer Vision"
CRS-067,Advanced Generative AI: Deep Dive & Research,"Explore cutting-edge techniques in Generative AI, including architecture design, hyperparameter tuning, and model optimization. Topics include: Generative AI, Scikit-learn, NLP.",AI & Machine Learning,Advanced,4.54,423,30.7,Sam Witteveen,Udacity,"Generative AI, Scikit-learn, NLP"
CRS-068,Project Management Professional (PMP) Prep with Leadership,"Comprehensive training on predictive, agile, and hybrid project frameworks. Includes mock exams covering Leadership. Topics include: Leadership, Product Management.",Business & Product Management,Beginner,4.7,3751,9.4,Todd Birzer,Pluralsight,"Leadership, Product Management"
CRS-069,Build Real-World Projects with Tailwind CSS,"An entirely project-based course where you will build 10+ professional applications using Tailwind CSS and modern tools. Topics include: Tailwind CSS, TypeScript.",Web Development,Intermediate,3.86,483,31.8,Colt Steele,Pluralsight,"Tailwind CSS, TypeScript"
CRS-070,Advanced Scikit-learn: Deep Dive & Research,"Explore cutting-edge techniques in Scikit-learn, including architecture design, hyperparameter tuning, and model optimization. Topics include: Scikit-learn, TensorFlow.",AI & Machine Learning,Advanced,4.72,225,37.1,Sam Witteveen,Pluralsight,"Scikit-learn, TensorFlow"
CRS-071,iOS & Android Development with Xcode,"Build beautiful, native cross-platform mobile apps for iOS and Android using a single codebase of Xcode. Topics include: Xcode, Firebase, Flutter, iOS Development.",Mobile App Development,Advanced,4.12,572,51.7,Maximilian Schwarzmüller,edX,"Xcode, Firebase, Flutter, iOS Development"
CRS-072,Data Science Masterclass: NumPy & Statistics,"Learn how to clean, analyze, and visualize data using NumPy. Covers statistical modeling and business intelligence. Topics include: NumPy, Tableau, Python.",Data Science & Analytics,Intermediate,4.21,550,24.1,Andrew Ng,Udemy,"NumPy, Tableau, Python"
CRS-073,Computer Vision & NLP using Neural Networks,"Process images, video, and natural language text using advanced Neural Networks frameworks and pre-trained models. Topics include: Neural Networks, Deep Learning.",AI & Machine Learning,Intermediate,4.77,597,26.7,Daniel Bourke,Udacity,"Neural Networks, Deep Learning"
CRS-074,User Research and Usability Testing in Practice,"Plan, conduct, and analyze user research and usability sessions. Turn feedback into mockups with Design Systems. Topics include: Design Systems, Wireframing, Figma.",UI/UX & Product Design,Intermediate,4.29,540,15.0,Sarah Gibbons,Udacity,"Design Systems, Wireframing, Figma"
CRS-075,Strategic Leadership and Agile Methodology for Executives,"Develop decision-making models, corporate strategy, and negotiation skills to lead high-performing teams in Agile Methodology contexts. Topics include: Agile Methodology, Project Management, Business Strategy.",Business & Product Management,Advanced,4.4,1042,58.9,Seth Godin,Udacity,"Agile Methodology, Project Management, Business Strategy"
CRS-076,Full-Stack Web Dev with React and Git,"Become a full-stack engineer. Build robust backends and dynamic frontends using React and Git. Topics include: Git, SQL, Node.js, React.",Web Development,Advanced,4.76,81,50.6,Maximilian Schwarzmüller,Coursera,"Git, SQL, Node.js, React"
CRS-077,Introduction to Deep Learning & Neural Networks,"Understand the mathematical foundations and core concepts behind modern Deep Learning algorithms. Topics include: Deep Learning, Machine Learning, TensorFlow, Scikit-learn.",AI & Machine Learning,Intermediate,4.74,2327,14.4,Sam Witteveen,edX,"Deep Learning, Machine Learning, TensorFlow, Scikit-learn"
CRS-078,Practical NLP with PyTorch and Scikit-Learn,"Build, train, and deploy powerful NLP models for classification, regression, and clustering tasks. Topics include: NLP, Generative AI, LLMs, TensorFlow.",AI & Machine Learning,Beginner,4.32,457,5.5,Andrej Karpathy,Pluralsight,"NLP, Generative AI, LLMs, TensorFlow"
CRS-079,Jenkins Certified Solutions Architect,"Prepare and pass the official certification. Master core services, security, architecture, and cost optimization on Jenkins. Topics include: Jenkins, Terraform, Shell Scripting, CI/CD.",Cloud Computing & DevOps,Advanced,4.26,500,31.8,Nigel Poulton,Udemy,"Jenkins, Terraform, Shell Scripting, CI/CD"
CRS-080,Startup Foundations: Startup Strategy & Lean Canvas,"How to validate ideas, raise capital, design business models, and execute go-to-market strategies using Startup Strategy. Topics include: Startup Strategy, Agile Methodology, Negotiation, Business Strategy.",Business & Product Management,Advanced,4.7,1265,57.1,Cole Mercer,Udacity,"Startup Strategy, Agile Methodology, Negotiation, Business Strategy"
CRS-081,The Complete Ethical Hacking Course: Metasploit,"Learn how to think like a hacker. Perform vulnerability scans, exploit targets, and secure systems using Metasploit. Topics include: Metasploit, Penetration Testing, Security Fundamentals, Network Security.",Cybersecurity,Advanced,3.73,497,51.3,Jason Dion,Pluralsight,"Metasploit, Penetration Testing, Security Fundamentals, Network Security"
CRS-082,Digital Marketing Masterclass: Content Marketing & Branding,"Grow your business online. Master SEO, social media, paid ads, and analytics using Content Marketing tools. Topics include: Content Marketing, Growth Hacking, Copywriting.",Digital Marketing,Beginner,4.68,153,8.9,Robin & Jesper,Udacity,"Content Marketing, Growth Hacking, Copywriting"
CRS-083,Containerization with Docker & Azure Masterclass,"Learn to package, deploy, and scale microservices using Docker and Azure orchestration in production. Topics include: Azure, CI/CD, Shell Scripting.",Cloud Computing & DevOps,Advanced,4.16,504,48.8,Stephane Maarek,Pluralsight,"Azure, CI/CD, Shell Scripting"
CRS-084,Advanced REST APIs and Design Patterns,"Deep dive into REST APIs. Learn performance optimization, security, state management, and enterprise-level architecture. Topics include: REST APIs, Express.",Web Development,Beginner,3.92,1324,12.9,Angela Yu,Udacity,"REST APIs, Express"
CRS-085,Containerization with Docker & Google Cloud Masterclass,"Learn to package, deploy, and scale microservices using Docker and Google Cloud orchestration in production. Topics include: Google Cloud, Ansible, AWS.",Cloud Computing & DevOps,Beginner,4.68,92,5.4,Adrian Cantrill,Coursera,"Google Cloud, Ansible, AWS"
CRS-086,iOS & Android Development with Mobile UI Design,"Build beautiful, native cross-platform mobile apps for iOS and Android using a single codebase of Mobile UI Design. Topics include: Mobile UI Design, Android Development.",Mobile App Development,Beginner,3.74,553,9.2,Maximilian Schwarzmüller,edX,"Mobile UI Design, Android Development"
CRS-087,Complete Mobile UI Design Developer Bootcamp,"Learn mobile application development from scratch. Design layouts, manage state, and deploy to App Store and Google Play. Topics include: Mobile UI Design, React Native, Xcode, iOS Development.",Mobile App Development,Intermediate,4.93,3224,26.1,Paul Hudson,Udemy,"Mobile UI Design, React Native, Xcode, iOS Development"
CRS-088,SQL for Beginners: Start Coding Today,"Learn the fundamentals of SQL. Perfect for absolute beginners with no prior coding experience. Topics include: SQL, MongoDB.",Web Development,Intermediate,4.97,844,25.6,Colt Steele,Pluralsight,"SQL, MongoDB"
CRS-089,Google Analytics 4 & Copywriting Data Analysis,"Track user behavior, measure conversions, set up custom dashboards, and make data-driven marketing decisions with Copywriting. Topics include: Copywriting, Growth Hacking, Email Marketing, Facebook Ads.",Digital Marketing,Advanced,4.73,1314,49.3,Robin & Jesper,Udacity,"Copywriting, Growth Hacking, Email Marketing, Facebook Ads"
CRS-090,Copywriting & Social Media Marketing for Maximum Conversions,"Write persuasive copy for emails, sales pages, and social media. Combine copywriting with Social Media Marketing metrics. Topics include: Social Media Marketing, Growth Hacking, Google Ads, Google Analytics.",Digital Marketing,Advanced,4.52,155,31.5,Isaac Rudansky,Pluralsight,"Social Media Marketing, Growth Hacking, Google Ads, Google Analytics"
CRS-091,Introduction to Scikit-learn & Neural Networks,"Understand the mathematical foundations and core concepts behind modern Scikit-learn algorithms. Topics include: Scikit-learn, Deep Learning, LLMs, Generative AI.",AI & Machine Learning,Advanced,4.92,2826,63.0,Daniel Bourke,Udemy,"Scikit-learn, Deep Learning, LLMs, Generative AI"
CRS-092,Copywriting & Google Analytics for Maximum Conversions,"Write persuasive copy for emails, sales pages, and social media. Combine copywriting with Google Analytics metrics. Topics include: Google Analytics, Growth Hacking, Content Marketing.",Digital Marketing,Beginner,4.69,126,11.2,Alex Cattoni,edX,"Google Analytics, Growth Hacking, Content Marketing"
CRS-093,Containerization with Docker & CI/CD Masterclass,"Learn to package, deploy, and scale microservices using Docker and CI/CD orchestration in production. Topics include: CI/CD, Shell Scripting.",Cloud Computing & DevOps,Advanced,4.67,477,47.6,Stephane Maarek,edX,"CI/CD, Shell Scripting"
CRS-094,The Ultimate Email Marketing Guide to Page #1,"Rank higher on search engines. Master on-page, off-page, technical optimizations, and keyword research using Email Marketing. Topics include: Email Marketing, SEO.",Digital Marketing,Advanced,4.21,309,38.0,Isaac Rudansky,edX,"Email Marketing, SEO"
CRS-095,Generative AI & Reinforcement Learning Application Development,"Learn to build applications powered by Large Language Models and custom Reinforcement Learning agents. Topics include: Reinforcement Learning, Machine Learning, Deep Learning, PyTorch.",AI & Machine Learning,Advanced,4.15,374,46.8,Daniel Bourke,Pluralsight,"Reinforcement Learning, Machine Learning, Deep Learning, PyTorch"
CRS-096,The Complete JavaScript Bootcamp,"Master JavaScript from scratch. Learn building modern, responsive, and interactive applications using industry best practices. Topics include: JavaScript, TypeScript.",Web Development,Intermediate,4.6,630,15.4,Colt Steele,edX,"JavaScript, TypeScript"
CRS-097,Digital Marketing Masterclass: Copywriting & Branding,"Grow your business online. Master SEO, social media, paid ads, and analytics using Copywriting tools. Topics include: Copywriting, Growth Hacking.",Digital Marketing,Advanced,4.56,401,22.5,Isaac Rudansky,Udacity,"Copywriting, Growth Hacking"
CRS-098,Containerization with Docker & Docker Masterclass,"Learn to package, deploy, and scale microservices using Docker and Docker orchestration in production. Topics include: Docker, Google Cloud, Kubernetes.",Cloud Computing & DevOps,Advanced,3.85,564,51.7,Mumshad Mannambeth,Udemy,"Docker, Google Cloud, Kubernetes"
CRS-099,Digital Marketing Masterclass: Copywriting & Branding,"Grow your business online. Master SEO, social media, paid ads, and analytics using Copywriting tools. Topics include: Copywriting, Google Analytics, Social Media Marketing, Google Ads.",Digital Marketing,Advanced,4.68,3855,38.2,Robin & Jesper,Udemy,"Copywriting, Google Analytics, Social Media Marketing, Google Ads"
CRS-100,Project Management Professional (PMP) Prep with Agile Methodology,"Comprehensive training on predictive, agile, and hybrid project frameworks. Includes mock exams covering Agile Methodology. Topics include: Agile Methodology, Leadership, Product Management.",Business & Product Management,Advanced,4.65,1697,38.0,Evan Kimbrell,Udacity,"Agile Methodology, Leadership, Product Management"
CRS-101,SQL & Tableau for Data Analysts,"Master database querying and data wrangling with SQL and Tableau. Solve real-world business analytics problems. Topics include: Tableau, Power BI, SQL.",Data Science & Analytics,Intermediate,4.79,719,18.8,Jose Portilla,Udemy,"Tableau, Power BI, SQL"
CRS-102,Advanced Deep Learning: Deep Dive & Research,"Explore cutting-edge techniques in Deep Learning, including architecture design, hyperparameter tuning, and model optimization. Topics include: Deep Learning, Neural Networks.",AI & Machine Learning,Advanced,4.65,1184,42.2,Lazy Programmer,Coursera,"Deep Learning, Neural Networks"
CRS-103,User Experience Design Essentials: Interaction Design,"Learn UX research, user journeys, wireframing, prototyping, and usability testing in Interaction Design. Topics include: Interaction Design, Design Systems, Adobe XD, Prototyping.",UI/UX & Product Design,Advanced,4.79,406,23.3,Zack Onisko,Pluralsight,"Interaction Design, Design Systems, Adobe XD, Prototyping"
CRS-104,Interface Design & Typography with Figma,"Elevate your visual design skills. Master grid layouts, color theory, and typographic hierarchy using Figma. Topics include: Figma, Design Systems, Wireframing.",UI/UX & Product Design,Advanced,4.78,377,60.3,Daniel Walter Scott,Udemy,"Figma, Design Systems, Wireframing"
CRS-105,Mobile and Web UI Design Bootcamp with Prototyping,"Design gorgeous, high-fidelity responsive websites and mobile app layouts using Prototyping for client handoff. Topics include: Prototyping, Interaction Design, User Research, Design Systems.",UI/UX & Product Design,Advanced,4.43,2324,23.8,Muzli Academy,Udemy,"Prototyping, Interaction Design, User Research, Design Systems"
CRS-106,Generative AI & PyTorch Application Development,"Learn to build applications powered by Large Language Models and custom PyTorch agents. Topics include: PyTorch, Scikit-learn.",AI & Machine Learning,Intermediate,4.65,461,29.4,Sam Witteveen,Udacity,"PyTorch, Scikit-learn"
CRS-107,The Complete Next.js Bootcamp,"Master Next.js from scratch. Learn building modern, responsive, and interactive applications using industry best practices. Topics include: Next.js, Express, CSS, Git.",Web Development,Beginner,4.18,853,10.4,Brad Traversy,Pluralsight,"Next.js, Express, CSS, Git"
CRS-108,Computer Vision & NLP using TensorFlow,"Process images, video, and natural language text using advanced TensorFlow frameworks and pre-trained models. Topics include: TensorFlow, Computer Vision, Neural Networks.",AI & Machine Learning,Advanced,4.71,5153,64.9,Andrew Ng,edX,"TensorFlow, Computer Vision, Neural Networks"
CRS-109,Digital Marketing Masterclass: Growth Hacking & Branding,"Grow your business online. Master SEO, social media, paid ads, and analytics using Growth Hacking tools. Topics include: Growth Hacking, Copywriting.",Digital Marketing,Beginner,4.19,165,6.5,Isaac Rudansky,edX,"Growth Hacking, Copywriting"
CRS-110,Introduction to Deep Learning & Neural Networks,"Understand the mathematical foundations and core concepts behind modern Deep Learning algorithms. Topics include: Deep Learning, TensorFlow.",AI & Machine Learning,Advanced,4.97,158,25.9,Sam Witteveen,Udacity,"Deep Learning, TensorFlow"
CRS-111,Strategic Leadership and Scrum for Executives,"Develop decision-making models, corporate strategy, and negotiation skills to lead high-performing teams in Scrum contexts. Topics include: Scrum, Negotiation.",Business & Product Management,Intermediate,3.82,1070,25.3,Evan Kimbrell,Pluralsight,"Scrum, Negotiation"
CRS-112,Interface Design & Typography with Design Systems,"Elevate your visual design skills. Master grid layouts, color theory, and typographic hierarchy using Design Systems. Topics include: Design Systems, Prototyping.",UI/UX & Product Design,Intermediate,4.3,861,29.5,Zack Onisko,Coursera,"Design Systems, Prototyping"
CRS-113,Growth Hacking & Viral Marketing with Growth Hacking,"Acquire customers at scale. Implement loops, referral programs, and rapid A/B testing utilizing Growth Hacking channels. Topics include: Growth Hacking, Content Marketing, Google Ads, Google Analytics.",Digital Marketing,Beginner,3.89,3747,11.8,Neil Patel,edX,"Growth Hacking, Content Marketing, Google Ads, Google Analytics"
CRS-114,The Ultimate Email Marketing Guide to Page #1,"Rank higher on search engines. Master on-page, off-page, technical optimizations, and keyword research using Email Marketing. Topics include: Email Marketing, Google Analytics.",Digital Marketing,Beginner,4.64,60,13.0,Isaac Rudansky,Pluralsight,"Email Marketing, Google Analytics"
CRS-115,Build a Social Media App with Dart and Firebase,"Integrate databases, authentication, storage, and push notifications into your Dart app using Firebase backend services. Topics include: Dart, Flutter.",Mobile App Development,Intermediate,4.02,219,33.3,Paul Hudson,edX,"Dart, Flutter"
CRS-116,Advanced State Management in Swift Apps,"Build robust, testable, and production-ready mobile architectures using Swift state management and testing frameworks. Topics include: Swift, Flutter.",Mobile App Development,Beginner,4.84,8286,6.8,Philipp Lackner,Coursera,"Swift, Flutter"
CRS-117,Advanced LLMs: Deep Dive & Research,"Explore cutting-edge techniques in LLMs, including architecture design, hyperparameter tuning, and model optimization. Topics include: LLMs, Generative AI, Computer Vision, Deep Learning.",AI & Machine Learning,Intermediate,3.71,298,11.6,Lazy Programmer,edX,"LLMs, Generative AI, Computer Vision, Deep Learning"
CRS-118,Mobile and Web UI Design Bootcamp with Design Systems,"Design gorgeous, high-fidelity responsive websites and mobile app layouts using Design Systems for client handoff. Topics include: Design Systems, Figma, Interaction Design, User Research.",UI/UX & Product Design,Intermediate,4.23,907,14.7,Muzli Academy,Coursera,"Design Systems, Figma, Interaction Design, User Research"
CRS-119,Business Intelligence using Power BI,"Drive data-driven decisions. Learn advanced reporting, cohort analysis, and predictive modeling using Power BI. Topics include: Power BI, Pandas, Data Visualization, Python.",Data Science & Analytics,Intermediate,4.82,236,29.7,Daniel Bourke,Udemy,"Power BI, Pandas, Data Visualization, Python"
CRS-120,Complete React Native Developer Bootcamp,"Learn mobile application development from scratch. Design layouts, manage state, and deploy to App Store and Google Play. Topics include: React Native, Android Development.",Mobile App Development,Advanced,4.7,3763,40.9,Angela Yu,edX,"React Native, Android Development"
CRS-121,User Research and Usability Testing in Practice,"Plan, conduct, and analyze user research and usability sessions. Turn feedback into mockups with Wireframing. Topics include: Wireframing, Design Systems, Figma, Interaction Design.",UI/UX & Product Design,Advanced,3.91,4192,41.3,Daniel Walter Scott,edX,"Wireframing, Design Systems, Figma, Interaction Design"
CRS-122,Build Real-World Projects with React,"An entirely project-based course where you will build 10+ professional applications using React and modern tools. Topics include: React, Node.js, Express, HTML.",Web Development,Intermediate,4.23,460,18.5,Maximilian Schwarzmüller,Udemy,"React, Node.js, Express, HTML"
CRS-123,Advanced Scikit-learn: Deep Dive & Research,"Explore cutting-edge techniques in Scikit-learn, including architecture design, hyperparameter tuning, and model optimization. Topics include: Scikit-learn, NLP, Generative AI.",AI & Machine Learning,Intermediate,3.83,414,26.5,Andrew Ng,Pluralsight,"Scikit-learn, NLP, Generative AI"
CRS-124,Network Defense & Metasploit Analysis,"Learn network traffic analysis, intrusion detection, firewalls, and security operations using Metasploit. Topics include: Metasploit, Cryptography, Wireshark.",Cybersecurity,Intermediate,3.92,6003,16.9,Jason Dion,Pluralsight,"Metasploit, Cryptography, Wireshark"
CRS-125,Next.js for Beginners: Start Coding Today,"Learn the fundamentals of Next.js. Perfect for absolute beginners with no prior coding experience. Topics include: Next.js, REST APIs.",Web Development,Beginner,4.9,1831,5.4,Maximilian Schwarzmüller,Udacity,"Next.js, REST APIs"
CRS-126,Advanced System Administration & CI/CD,"Master Linux command line, shell scripting, automation, and system security with a focus on CI/CD services. Topics include: CI/CD, Jenkins, Terraform, AWS.",Cloud Computing & DevOps,Advanced,4.21,2371,36.5,Adrian Cantrill,Pluralsight,"CI/CD, Jenkins, Terraform, AWS"
CRS-127,Complete iOS Development Developer Bootcamp,"Learn mobile application development from scratch. Design layouts, manage state, and deploy to App Store and Google Play. Topics include: iOS Development, Kotlin, React Native, Flutter.",Mobile App Development,Advanced,4.67,1135,32.9,Philipp Lackner,Udacity,"iOS Development, Kotlin, React Native, Flutter"
CRS-128,User Experience Design Essentials: Adobe XD,"Learn UX research, user journeys, wireframing, prototyping, and usability testing in Adobe XD. Topics include: Adobe XD, Wireframing.",UI/UX & Product Design,Intermediate,4.83,1892,27.7,Zack Onisko,Coursera,"Adobe XD, Wireframing"
CRS-129,The Ultimate Email Marketing Guide to Page #1,"Rank higher on search engines. Master on-page, off-page, technical optimizations, and keyword research using Email Marketing. Topics include: Email Marketing, Google Ads, Growth Hacking, Google Analytics.",Digital Marketing,Intermediate,3.94,325,10.7,Isaac Rudansky,Udacity,"Email Marketing, Google Ads, Growth Hacking, Google Analytics"
CRS-130,The Ultimate Copywriting Guide to Page #1,"Rank higher on search engines. Master on-page, off-page, technical optimizations, and keyword research using Copywriting. Topics include: Copywriting, Facebook Ads, Growth Hacking, Email Marketing.",Digital Marketing,Advanced,3.79,836,23.3,Daragh Walsh,Udemy,"Copywriting, Facebook Ads, Growth Hacking, Email Marketing"
CRS-131,React Native UI/UX: Design and Animation Masterclass,"Create stunning user interfaces, custom transitions, and fluid animations in your React Native applications. Topics include: React Native, Xcode, Firebase, Android Development.",Mobile App Development,Beginner,4.79,140,13.1,Stephen Grider,Coursera,"React Native, Xcode, Firebase, Android Development"
CRS-132,The Ultimate Email Marketing Guide to Page #1,"Rank higher on search engines. Master on-page, off-page, technical optimizations, and keyword research using Email Marketing. Topics include: Email Marketing, Content Marketing.",Digital Marketing,Beginner,4.38,702,6.8,Isaac Rudansky,Coursera,"Email Marketing, Content Marketing"
CRS-133,Growth Hacking & Viral Marketing with Content Marketing,"Acquire customers at scale. Implement loops, referral programs, and rapid A/B testing utilizing Content Marketing channels. Topics include: Content Marketing, Email Marketing, Facebook Ads.",Digital Marketing,Advanced,4.75,2142,35.2,Alex Cattoni,Udacity,"Content Marketing, Email Marketing, Facebook Ads"
CRS-134,Full-Stack Web Dev with React and CSS,"Become a full-stack engineer. Build robust backends and dynamic frontends using React and CSS. Topics include: CSS, HTML.",Web Development,Advanced,4.72,1176,44.6,Maximilian Schwarzmüller,Coursera,"CSS, HTML"
CRS-135,Network Defense & Ethical Hacking Analysis,"Learn network traffic analysis, intrusion detection, firewalls, and security operations using Ethical Hacking. Topics include: Ethical Hacking, Metasploit, Cryptography.",Cybersecurity,Advanced,4.03,638,26.5,Nathan House,Udemy,"Ethical Hacking, Metasploit, Cryptography"
CRS-136,Advanced State Management in Android Development Apps,"Build robust, testable, and production-ready mobile architectures using Android Development state management and testing frameworks. Topics include: Android Development, Dart, Swift, Firebase.",Mobile App Development,Beginner,3.8,605,5.5,Paul Hudson,Udacity,"Android Development, Dart, Swift, Firebase"
CRS-137,Advanced MongoDB and Design Patterns,"Deep dive into MongoDB. Learn performance optimization, security, state management, and enterprise-level architecture. Topics include: MongoDB, TypeScript, REST APIs.",Web Development,Advanced,4.82,311,41.0,Angela Yu,edX,"MongoDB, TypeScript, REST APIs"
CRS-138,Incident Response & Network Security Operations,"Detect, isolate, and mitigate active cybersecurity incidents. Learn digital forensics and blue team tactics for Network Security. Topics include: Network Security, Penetration Testing, Ethical Hacking.",Cybersecurity,Advanced,4.08,182,59.7,Alexis Ahmed,Coursera,"Network Security, Penetration Testing, Ethical Hacking"
CRS-139,User Experience Design Essentials: Design Systems,"Learn UX research, user journeys, wireframing, prototyping, and usability testing in Design Systems. Topics include: Design Systems, Figma, Visual Design.",UI/UX & Product Design,Intermediate,4.32,1566,11.3,Zack Onisko,Coursera,"Design Systems, Figma, Visual Design"
CRS-140,Digital Marketing Masterclass: Copywriting & Branding,"Grow your business online. Master SEO, social media, paid ads, and analytics using Copywriting tools. Topics include: Copywriting, Email Marketing.",Digital Marketing,Beginner,4.63,1013,8.3,Robin & Jesper,Udacity,"Copywriting, Email Marketing"
CRS-141,Android Development UI/UX: Design and Animation Masterclass,"Create stunning user interfaces, custom transitions, and fluid animations in your Android Development applications. Topics include: Android Development, Swift, Kotlin, iOS Development.",Mobile App Development,Intermediate,3.71,216,23.0,Philipp Lackner,Udacity,"Android Development, Swift, Kotlin, iOS Development"
CRS-142,Practical Generative AI with PyTorch and Scikit-Learn,"Build, train, and deploy powerful Generative AI models for classification, regression, and clustering tasks. Topics include: Generative AI, Neural Networks, NLP, Reinforcement Learning.",AI & Machine Learning,Advanced,4.95,983,44.0,Daniel Bourke,Udacity,"Generative AI, Neural Networks, NLP, Reinforcement Learning"
CRS-143,The Complete Ethical Hacking Course: Network Security,"Learn how to think like a hacker. Perform vulnerability scans, exploit targets, and secure systems using Network Security. Topics include: Network Security, Wireshark, Cryptography.",Cybersecurity,Beginner,4.34,2942,10.6,Alexis Ahmed,Udacity,"Network Security, Wireshark, Cryptography"
CRS-144,Ethical Hacking & CompTIA Security+ Prep Course,"Master core cybersecurity concepts, threats, mitigation strategies, and get fully prepared for your certification in Ethical Hacking. Topics include: Ethical Hacking, Network Security, Linux, Incident Response.",Cybersecurity,Advanced,4.44,976,24.9,Neal Bridges,Udacity,"Ethical Hacking, Network Security, Linux, Incident Response"
CRS-145,Express for Beginners: Start Coding Today,"Learn the fundamentals of Express. Perfect for absolute beginners with no prior coding experience. Topics include: Express, MongoDB, JavaScript.",Web Development,Beginner,4.83,1116,9.7,Angela Yu,Pluralsight,"Express, MongoDB, JavaScript"
CRS-146,The Ultimate Facebook Ads Guide to Page #1,"Rank higher on search engines. Master on-page, off-page, technical optimizations, and keyword research using Facebook Ads. Topics include: Facebook Ads, Growth Hacking, Content Marketing.",Digital Marketing,Advanced,4.26,10256,48.9,Robin & Jesper,Udacity,"Facebook Ads, Growth Hacking, Content Marketing"
CRS-147,Incident Response & Security Fundamentals Operations,"Detect, isolate, and mitigate active cybersecurity incidents. Learn digital forensics and blue team tactics for Security Fundamentals. Topics include: Security Fundamentals, Ethical Hacking, Penetration Testing, Cryptography.",Cybersecurity,Intermediate,4.33,2596,17.9,Jason Dion,Coursera,"Security Fundamentals, Ethical Hacking, Penetration Testing, Cryptography"
CRS-148,iOS Development UI/UX: Design and Animation Masterclass,"Create stunning user interfaces, custom transitions, and fluid animations in your iOS Development applications. Topics include: iOS Development, Mobile UI Design, React Native, Firebase.",Mobile App Development,Intermediate,4.39,1609,33.9,Philipp Lackner,Pluralsight,"iOS Development, Mobile UI Design, React Native, Firebase"
CRS-149,Interactive Data Visualization with Statistics,"Transform raw data into beautiful, interactive dashboards and stories using Statistics and storytelling techniques. Topics include: Statistics, Tableau, R Programming.",Data Science & Analytics,Advanced,4.38,1062,53.3,Jose Portilla,Udacity,"Statistics, Tableau, R Programming"
CRS-150,DevOps Essentials: AWS & CI/CD Pipelines,"Automate your infrastructure, deployment, and testing lifecycle using AWS and modern pipelines. Topics include: AWS, Shell Scripting.",Cloud Computing & DevOps,Beginner,3.82,1093,4.1,Adrian Cantrill,Udemy,"AWS, Shell Scripting"
CRS-151,Copywriting & Growth Hacking for Maximum Conversions,"Write persuasive copy for emails, sales pages, and social media. Combine copywriting with Growth Hacking metrics. Topics include: Growth Hacking, Facebook Ads.",Digital Marketing,Advanced,4.19,1000,52.5,Neil Patel,edX,"Growth Hacking, Facebook Ads"
CRS-152,The Complete MongoDB Bootcamp,"Master MongoDB from scratch. Learn building modern, responsive, and interactive applications using industry best practices. Topics include: MongoDB, JavaScript.",Web Development,Intermediate,4.18,777,17.1,Jonas Schmedtmann,Pluralsight,"MongoDB, JavaScript"
CRS-153,Copywriting & Facebook Ads for Maximum Conversions,"Write persuasive copy for emails, sales pages, and social media. Combine copywriting with Facebook Ads metrics. Topics include: Facebook Ads, Content Marketing, Growth Hacking, Email Marketing.",Digital Marketing,Advanced,3.8,2572,28.4,Isaac Rudansky,Coursera,"Facebook Ads, Content Marketing, Growth Hacking, Email Marketing"
CRS-154,Mobile UI Design UI/UX: Design and Animation Masterclass,"Create stunning user interfaces, custom transitions, and fluid animations in your Mobile UI Design applications. Topics include: Mobile UI Design, Kotlin, Swift.",Mobile App Development,Beginner,4.7,530,9.3,Philipp Lackner,Pluralsight,"Mobile UI Design, Kotlin, Swift"
CRS-155,DevOps Essentials: Kubernetes & CI/CD Pipelines,"Automate your infrastructure, deployment, and testing lifecycle using Kubernetes and modern pipelines. Topics include: Kubernetes, Terraform.",Cloud Computing & DevOps,Beginner,4.19,1862,11.3,Nigel Poulton,edX,"Kubernetes, Terraform"
CRS-156,Mobile and Web UI Design Bootcamp with Wireframing,"Design gorgeous, high-fidelity responsive websites and mobile app layouts using Wireframing for client handoff. Topics include: Wireframing, Visual Design, Interaction Design.",UI/UX & Product Design,Beginner,4.97,222,14.5,Sarah Gibbons,Udemy,"Wireframing, Visual Design, Interaction Design"
CRS-157,User Research and Usability Testing in Practice,"Plan, conduct, and analyze user research and usability sessions. Turn feedback into mockups with Usability Testing. Topics include: Usability Testing, Interaction Design.",UI/UX & Product Design,Advanced,4.84,11100,54.0,Jesse Showalter,Pluralsight,"Usability Testing, Interaction Design"
CRS-158,Statistics Boot Camp: Go from Zero to Hero,"A comprehensive guide to analyzing data. Learn data frames, wrangling, and basic predictive analytics with Statistics. Topics include: Statistics, Data Visualization, Power BI, Pandas.",Data Science & Analytics,Beginner,4.87,177,7.6,Kirill Eremenko,Udemy,"Statistics, Data Visualization, Power BI, Pandas"
CRS-159,Growth Hacking & Viral Marketing with Google Analytics,"Acquire customers at scale. Implement loops, referral programs, and rapid A/B testing utilizing Google Analytics channels. Topics include: Google Analytics, Social Media Marketing, Copywriting.",Digital Marketing,Advanced,4.73,446,40.8,Robin & Jesper,Udemy,"Google Analytics, Social Media Marketing, Copywriting"
CRS-160,Network Security & CompTIA Security+ Prep Course,"Master core cybersecurity concepts, threats, mitigation strategies, and get fully prepared for your certification in Network Security. Topics include: Network Security, Metasploit, Cryptography, Incident Response.",Cybersecurity,Beginner,3.83,1634,14.3,Neal Bridges,Udemy,"Network Security, Metasploit, Cryptography, Incident Response"
CRS-161,Interactive Data Visualization with Python,"Transform raw data into beautiful, interactive dashboards and stories using Python and storytelling techniques. Topics include: Python, Tableau, Exploratory Data Analysis.",Data Science & Analytics,Intermediate,4.4,104,19.4,Jose Portilla,Pluralsight,"Python, Tableau, Exploratory Data Analysis"
CRS-162,The Ultimate Copywriting Guide to Page #1,"Rank higher on search engines. Master on-page, off-page, technical optimizations, and keyword research using Copywriting. Topics include: Copywriting, Google Analytics.",Digital Marketing,Intermediate,4.64,507,23.3,Daragh Walsh,Pluralsight,"Copywriting, Google Analytics"
CRS-163,DevOps Essentials: Linux & CI/CD Pipelines,"Automate your infrastructure, deployment, and testing lifecycle using Linux and modern pipelines. Topics include: Linux, CI/CD.",Cloud Computing & DevOps,Beginner,4.93,27185,6.6,Mumshad Mannambeth,Coursera,"Linux, CI/CD"
CRS-164,Business Intelligence using Excel,"Drive data-driven decisions. Learn advanced reporting, cohort analysis, and predictive modeling using Excel. Topics include: Excel, Python.",Data Science & Analytics,Beginner,4.12,511,12.3,Alex The Analyst,Udemy,"Excel, Python"
CRS-165,Advanced Tailwind CSS and Design Patterns,"Deep dive into Tailwind CSS. Learn performance optimization, security, state management, and enterprise-level architecture. Topics include: Tailwind CSS, Node.js.",Web Development,Intermediate,4.78,1121,31.9,Brad Traversy,edX,"Tailwind CSS, Node.js"
CRS-166,Google Analytics 4 & Growth Hacking Data Analysis,"Track user behavior, measure conversions, set up custom dashboards, and make data-driven marketing decisions with Growth Hacking. Topics include: Growth Hacking, Email Marketing.",Digital Marketing,Intermediate,4.86,6408,23.9,Alex Cattoni,Udacity,"Growth Hacking, Email Marketing"
CRS-167,Full-Stack Web Dev with React and Next.js,"Become a full-stack engineer. Build robust backends and dynamic frontends using React and Next.js. Topics include: Next.js, REST APIs, MongoDB.",Web Development,Intermediate,4.44,236,16.0,Maximilian Schwarzmüller,Pluralsight,"Next.js, REST APIs, MongoDB"
CRS-168,Advanced System Administration & Google Cloud,"Master Linux command line, shell scripting, automation, and system security with a focus on Google Cloud services. Topics include: Google Cloud, Linux, AWS.",Cloud Computing & DevOps,Intermediate,4.76,488,26.2,Nigel Poulton,Pluralsight,"Google Cloud, Linux, AWS"
CRS-169,Interface Design & Typography with Adobe XD,"Elevate your visual design skills. Master grid layouts, color theory, and typographic hierarchy using Adobe XD. Topics include: Adobe XD, Prototyping, Figma.",UI/UX & Product Design,Beginner,4.61,1151,9.3,Zack Onisko,Udacity,"Adobe XD, Prototyping, Figma"
CRS-170,iOS & Android Development with Flutter,"Build beautiful, native cross-platform mobile apps for iOS and Android using a single codebase of Flutter. Topics include: Flutter, Kotlin, Firebase.",Mobile App Development,Intermediate,4.88,1072,21.7,Philipp Lackner,Coursera,"Flutter, Kotlin, Firebase"
CRS-171,Build a Social Media App with iOS Development and Firebase,"Integrate databases, authentication, storage, and push notifications into your iOS Development app using Firebase backend services. Topics include: iOS Development, Android Development, Xcode.",Mobile App Development,Advanced,4.37,422,58.9,Angela Yu,Pluralsight,"iOS Development, Android Development, Xcode"
CRS-172,Computer Vision & NLP using TensorFlow,"Process images, video, and natural language text using advanced TensorFlow frameworks and pre-trained models. Topics include: TensorFlow, Generative AI.",AI & Machine Learning,Beginner,4.15,378,9.5,Sam Witteveen,Pluralsight,"TensorFlow, Generative AI"
CRS-173,Complete Xcode Developer Bootcamp,"Learn mobile application development from scratch. Design layouts, manage state, and deploy to App Store and Google Play. Topics include: Xcode, Mobile UI Design, Firebase.",Mobile App Development,Advanced,4.12,497,64.6,Stephen Grider,Coursera,"Xcode, Mobile UI Design, Firebase"
CRS-174,The Complete HTML Bootcamp,"Master HTML from scratch. Learn building modern, responsive, and interactive applications using industry best practices. Topics include: HTML, CSS, Next.js, REST APIs.",Web Development,Advanced,4.77,677,48.7,Jonas Schmedtmann,Coursera,"HTML, CSS, Next.js, REST APIs"
CRS-175,Mobile and Web UI Design Bootcamp with Usability Testing,"Design gorgeous, high-fidelity responsive websites and mobile app layouts using Usability Testing for client handoff. Topics include: Usability Testing, Figma, Design Systems, User Research.",UI/UX & Product Design,Beginner,3.86,4223,5.2,Zack Onisko,Udemy,"Usability Testing, Figma, Design Systems, User Research"
CRS-176,SQL & NumPy for Data Analysts,"Master database querying and data wrangling with SQL and NumPy. Solve real-world business analytics problems. Topics include: NumPy, SQL, Excel, Tableau.",Data Science & Analytics,Advanced,3.81,426,30.2,Andrew Ng,Pluralsight,"NumPy, SQL, Excel, Tableau"
CRS-177,Business Intelligence using R Programming,"Drive data-driven decisions. Learn advanced reporting, cohort analysis, and predictive modeling using R Programming. Topics include: R Programming, Python, Pandas, Exploratory Data Analysis.",Data Science & Analytics,Intermediate,4.42,664,24.1,Daniel Bourke,Udacity,"R Programming, Python, Pandas, Exploratory Data Analysis"
CRS-178,SQL & Python for Data Analysts,"Master database querying and data wrangling with SQL and Python. Solve real-world business analytics problems. Topics include: Python, SQL, Excel, Statistics.",Data Science & Analytics,Beginner,4.98,4373,6.0,Kirill Eremenko,Udemy,"Python, SQL, Excel, Statistics"
CRS-179,Build a Social Media App with Kotlin and Firebase,"Integrate databases, authentication, storage, and push notifications into your Kotlin app using Firebase backend services. Topics include: Kotlin, Swift.",Mobile App Development,Advanced,4.07,1655,60.3,Angela Yu,edX,"Kotlin, Swift"
CRS-180,iOS & Android Development with Swift,"Build beautiful, native cross-platform mobile apps for iOS and Android using a single codebase of Swift. Topics include: Swift, React Native, Android Development.",Mobile App Development,Advanced,4.15,160,37.9,Angela Yu,Pluralsight,"Swift, React Native, Android Development"
CRS-181,Build a Social Media App with iOS Development and Firebase,"Integrate databases, authentication, storage, and push notifications into your iOS Development app using Firebase backend services. Topics include: iOS Development, Xcode.",Mobile App Development,Advanced,4.88,429,37.1,Maximilian Schwarzmüller,edX,"iOS Development, Xcode"
CRS-182,Advanced Penetration Testing & Penetration Testing,"Go deep into red teaming tactics. Conduct advanced assessments, write custom exploits, and bypass security controls using Penetration Testing. Topics include: Penetration Testing, Incident Response.",Cybersecurity,Intermediate,4.94,207,12.7,Heath Adams,Pluralsight,"Penetration Testing, Incident Response"
CRS-183,The Complete SQL Bootcamp,"Master SQL from scratch. Learn building modern, responsive, and interactive applications using industry best practices. Topics include: SQL, Express, Node.js.",Web Development,Beginner,4.03,846,4.3,Angela Yu,Udemy,"SQL, Express, Node.js"
CRS-184,Advanced State Management in React Native Apps,"Build robust, testable, and production-ready mobile architectures using React Native state management and testing frameworks. Topics include: React Native, Android Development, Dart, Flutter.",Mobile App Development,Advanced,3.92,220,37.1,Philipp Lackner,Pluralsight,"React Native, Android Development, Dart, Flutter"
CRS-185,Practical TensorFlow with PyTorch and Scikit-Learn,"Build, train, and deploy powerful TensorFlow models for classification, regression, and clustering tasks. Topics include: TensorFlow, Reinforcement Learning, Scikit-learn.",AI & Machine Learning,Intermediate,4.48,99,16.3,Andrew Ng,Coursera,"TensorFlow, Reinforcement Learning, Scikit-learn"
CRS-186,Jenkins Certified Solutions Architect,"Prepare and pass the official certification. Master core services, security, architecture, and cost optimization on Jenkins. Topics include: Jenkins, Linux, Docker, Ansible.",Cloud Computing & DevOps,Intermediate,3.98,267,21.0,Adrian Cantrill,edX,"Jenkins, Linux, Docker, Ansible"
CRS-187,Agile & Scrum Master certification: Scrum,"Master agile ceremonies, sprint planning, backlog grooming, and team leadership using Scrum and Scrum. Topics include: Scrum, Finance, Negotiation, Business Strategy.",Business & Product Management,Advanced,4.19,2596,48.5,Todd Birzer,edX,"Scrum, Finance, Negotiation, Business Strategy"
CRS-188,Containerization with Docker & Terraform Masterclass,"Learn to package, deploy, and scale microservices using Docker and Terraform orchestration in production. Topics include: Terraform, Kubernetes, Jenkins.",Cloud Computing & DevOps,Advanced,4.08,893,21.2,Stephane Maarek,Udacity,"Terraform, Kubernetes, Jenkins"
CRS-189,User Experience Design Essentials: Prototyping,"Learn UX research, user journeys, wireframing, prototyping, and usability testing in Prototyping. Topics include: Prototyping, Usability Testing, Visual Design, Wireframing.",UI/UX & Product Design,Advanced,4.09,140,39.0,Zack Onisko,Pluralsight,"Prototyping, Usability Testing, Visual Design, Wireframing"
CRS-190,Strategic Leadership and Business Strategy for Executives,"Develop decision-making models, corporate strategy, and negotiation skills to lead high-performing teams in Business Strategy contexts. Topics include: Business Strategy, Negotiation.",Business & Product Management,Beginner,4.88,2460,12.7,Todd Birzer,Udacity,"Business Strategy, Negotiation"
CRS-191,Complete Firebase Developer Bootcamp,"Learn mobile application development from scratch. Design layouts, manage state, and deploy to App Store and Google Play. Topics include: Firebase, React Native, Mobile UI Design, Dart.",Mobile App Development,Advanced,4.88,959,38.0,Stephen Grider,Coursera,"Firebase, React Native, Mobile UI Design, Dart"
CRS-192,Advanced State Management in React Native Apps,"Build robust, testable, and production-ready mobile architectures using React Native state management and testing frameworks. Topics include: React Native, Flutter, Mobile UI Design.",Mobile App Development,Intermediate,4.86,982,19.4,Maximilian Schwarzmüller,Udacity,"React Native, Flutter, Mobile UI Design"
CRS-193,User Research and Usability Testing in Practice,"Plan, conduct, and analyze user research and usability sessions. Turn feedback into mockups with Design Systems. Topics include: Design Systems, Wireframing, Usability Testing, Figma.",UI/UX & Product Design,Intermediate,4.68,1376,21.4,Daniel Walter Scott,edX,"Design Systems, Wireframing, Usability Testing, Figma"
CRS-194,Infrastructure as Code using Terraform and Linux,"Provision and manage cloud resources programmatically across multi-cloud setups with Terraform and Linux. Topics include: Linux, CI/CD, Jenkins, Azure.",Cloud Computing & DevOps,Intermediate,3.79,1368,26.2,Nigel Poulton,edX,"Linux, CI/CD, Jenkins, Azure"
CRS-195,Advanced PyTorch: Deep Dive & Research,"Explore cutting-edge techniques in PyTorch, including architecture design, hyperparameter tuning, and model optimization. Topics include: PyTorch, Generative AI, Neural Networks, LLMs.",AI & Machine Learning,Advanced,4.47,523,49.6,Sam Witteveen,Pluralsight,"PyTorch, Generative AI, Neural Networks, LLMs"
CRS-196,Strategic Leadership and Project Management for Executives,"Develop decision-making models, corporate strategy, and negotiation skills to lead high-performing teams in Project Management contexts. Topics include: Project Management, Business Strategy.",Business & Product Management,Beginner,3.91,57,10.4,Todd Birzer,Pluralsight,"Project Management, Business Strategy"
CRS-197,The Ultimate Copywriting Guide to Page #1,"Rank higher on search engines. Master on-page, off-page, technical optimizations, and keyword research using Copywriting. Topics include: Copywriting, Google Ads.",Digital Marketing,Intermediate,4.3,352,24.9,Robin & Jesper,Udemy,"Copywriting, Google Ads"
CRS-198,Strategic Leadership and Agile Methodology for Executives,"Develop decision-making models, corporate strategy, and negotiation skills to lead high-performing teams in Agile Methodology contexts. Topics include: Agile Methodology, Startup Strategy, Scrum, Project Management.",Business & Product Management,Beginner,4.78,1114,7.4,Evan Kimbrell,edX,"Agile Methodology, Startup Strategy, Scrum, Project Management"
CRS-199,Generative AI & Neural Networks Application Development,"Learn to build applications powered by Large Language Models and custom Neural Networks agents. Topics include: Neural Networks, Generative AI, Computer Vision.",AI & Machine Learning,Advanced,4.72,112,61.4,Sam Witteveen,Coursera,"Neural Networks, Generative AI, Computer Vision"
CRS-200,Practical Neural Networks with PyTorch and Scikit-Learn,"Build, train, and deploy powerful Neural Networks models for classification, regression, and clustering tasks. Topics include: Neural Networks, Scikit-learn, TensorFlow, Reinforcement Learning.",AI & Machine Learning,Intermediate,4.62,4585,20.2,Andrej Karpathy,Pluralsight,"Neural Networks, Scikit-learn, TensorFlow, Reinforcement Learning"
CRS-201,User Experience Design Essentials: Usability Testing,"Learn UX research, user journeys, wireframing, prototyping, and usability testing in Usability Testing. Topics include: Usability Testing, Design Systems, Adobe XD.",UI/UX & Product Design,Beginner,3.99,244,12.6,Jesse Showalter,Udemy,"Usability Testing, Design Systems, Adobe XD"
CRS-202,Interface Design & Typography with Design Systems,"Elevate your visual design skills. Master grid layouts, color theory, and typographic hierarchy using Design Systems. Topics include: Design Systems, Adobe XD, User Research, Figma.",UI/UX & Product Design,Beginner,4.85,1389,8.9,Jesse Showalter,edX,"Design Systems, Adobe XD, User Research, Figma"
CRS-203,Complete Xcode Developer Bootcamp,"Learn mobile application development from scratch. Design layouts, manage state, and deploy to App Store and Google Play. Topics include: Xcode, React Native.",Mobile App Development,Beginner,4.81,2167,10.8,Maximilian Schwarzmüller,Udacity,"Xcode, React Native"
CRS-204,Containerization with Docker & AWS Masterclass,"Learn to package, deploy, and scale microservices using Docker and AWS orchestration in production. Topics include: AWS, Ansible.",Cloud Computing & DevOps,Intermediate,4.76,195,24.3,Richard Chan,edX,"AWS, Ansible"
CRS-205,Digital Marketing Masterclass: Google Analytics & Branding,"Grow your business online. Master SEO, social media, paid ads, and analytics using Google Analytics tools. Topics include: Google Analytics, Content Marketing, Growth Hacking, Social Media Marketing.",Digital Marketing,Beginner,4.96,111,12.4,Isaac Rudansky,Coursera,"Google Analytics, Content Marketing, Growth Hacking, Social Media Marketing"
CRS-206,Startup Foundations: Scrum & Lean Canvas,"How to validate ideas, raise capital, design business models, and execute go-to-market strategies using Scrum. Topics include: Scrum, Finance, Startup Strategy.",Business & Product Management,Intermediate,3.89,695,21.4,Todd Birzer,Pluralsight,"Scrum, Finance, Startup Strategy"
CRS-207,User Research and Usability Testing in Practice,"Plan, conduct, and analyze user research and usability sessions. Turn feedback into mockups with Figma. Topics include: Figma, Adobe XD, Interaction Design.",UI/UX & Product Design,Intermediate,4.72,654,18.4,Sarah Gibbons,Udemy,"Figma, Adobe XD, Interaction Design"
CRS-208,Introduction to Scikit-learn & Neural Networks,"Understand the mathematical foundations and core concepts behind modern Scikit-learn algorithms. Topics include: Scikit-learn, NLP, Machine Learning, Generative AI.",AI & Machine Learning,Intermediate,3.98,182,15.1,Daniel Bourke,Udemy,"Scikit-learn, NLP, Machine Learning, Generative AI"
CRS-209,Advanced TensorFlow: Deep Dive & Research,"Explore cutting-edge techniques in TensorFlow, including architecture design, hyperparameter tuning, and model optimization. Topics include: TensorFlow, Neural Networks, Reinforcement Learning, Deep Learning.",AI & Machine Learning,Advanced,4.3,919,33.7,Andrej Karpathy,Udemy,"TensorFlow, Neural Networks, Reinforcement Learning, Deep Learning"
CRS-210,Jenkins Certified Solutions Architect,"Prepare and pass the official certification. Master core services, security, architecture, and cost optimization on Jenkins. Topics include: Jenkins, Azure, Ansible.",Cloud Computing & DevOps,Beginner,3.74,114,4.1,Adrian Cantrill,Pluralsight,"Jenkins, Azure, Ansible"
CRS-211,Build a Social Media App with Dart and Firebase,"Integrate databases, authentication, storage, and push notifications into your Dart app using Firebase backend services. Topics include: Dart, Swift.",Mobile App Development,Intermediate,4.43,1342,32.0,Angela Yu,Coursera,"Dart, Swift"
CRS-212,Computer Vision & NLP using Neural Networks,"Process images, video, and natural language text using advanced Neural Networks frameworks and pre-trained models. Topics include: Neural Networks, Reinforcement Learning, Deep Learning.",AI & Machine Learning,Advanced,4.8,426,53.7,Sam Witteveen,Udemy,"Neural Networks, Reinforcement Learning, Deep Learning"
CRS-213,Agile & Scrum Master certification: Business Strategy,"Master agile ceremonies, sprint planning, backlog grooming, and team leadership using Scrum and Business Strategy. Topics include: Business Strategy, Project Management, Product Management, Leadership.",Business & Product Management,Beginner,4.82,2673,6.7,Cole Mercer,Udacity,"Business Strategy, Project Management, Product Management, Leadership"
CRS-214,Data Visualization Boot Camp: Go from Zero to Hero,"A comprehensive guide to analyzing data. Learn data frames, wrangling, and basic predictive analytics with Data Visualization. Topics include: Data Visualization, Excel.",Data Science & Analytics,Beginner,4.71,142,12.2,Alex The Analyst,edX,"Data Visualization, Excel"
CRS-215,The Complete Ethical Hacking Course: Network Security,"Learn how to think like a hacker. Perform vulnerability scans, exploit targets, and secure systems using Network Security. Topics include: Network Security, Ethical Hacking, Security Fundamentals, Metasploit.",Cybersecurity,Intermediate,4.88,9053,33.3,Heath Adams,Pluralsight,"Network Security, Ethical Hacking, Security Fundamentals, Metasploit"
CRS-216,Computer Vision & NLP using LLMs,"Process images, video, and natural language text using advanced LLMs frameworks and pre-trained models. Topics include: LLMs, Computer Vision, NLP.",AI & Machine Learning,Beginner,3.71,199,14.1,Lazy Programmer,Pluralsight,"LLMs, Computer Vision, NLP"
CRS-217,Startup Foundations: Finance & Lean Canvas,"How to validate ideas, raise capital, design business models, and execute go-to-market strategies using Finance. Topics include: Finance, Leadership, Project Management, Startup Strategy.",Business & Product Management,Advanced,4.78,342,61.4,Cole Mercer,Udacity,"Finance, Leadership, Project Management, Startup Strategy"
CRS-218,Generative AI & NLP Application Development,"Learn to build applications powered by Large Language Models and custom NLP agents. Topics include: NLP, Computer Vision, Deep Learning, TensorFlow.",AI & Machine Learning,Advanced,3.93,519,22.5,Lazy Programmer,Udemy,"NLP, Computer Vision, Deep Learning, TensorFlow"
CRS-219,Introduction to Machine Learning & Neural Networks,"Understand the mathematical foundations and core concepts behind modern Machine Learning algorithms. Topics include: Machine Learning, Neural Networks.",AI & Machine Learning,Beginner,4.26,5357,8.1,Lazy Programmer,Pluralsight,"Machine Learning, Neural Networks"
CRS-220,Advanced Penetration Testing & Penetration Testing,"Go deep into red teaming tactics. Conduct advanced assessments, write custom exploits, and bypass security controls using Penetration Testing. Topics include: Penetration Testing, Network Security, Cryptography, Ethical Hacking.",Cybersecurity,Intermediate,4.31,789,22.8,Neal Bridges,Udemy,"Penetration Testing, Network Security, Cryptography, Ethical Hacking"
